estimate,estimate1,estimate2,statistic,p.value,parameter,conf.low,conf.high,method,alternative
1.2187480576297136,2.1112401253750503,0.8924920677453368,1.2850532973244924,0.21461342262690652,18.51976071272137,-0.7697713435681267,3.2072674588275536,Welch Two Sample t-test,two.sided
